{
    "speech": 0.3799999952316284,
    "wind": 0.7600000500679016,
    "self": 0.4699999690055847,
    "shahed": 0.5099999904632568,
    "siren": 0.5699999928474426,
    "explosion": 0.29999998211860657
}